<?xml version="1.0" encoding="UTF-8"?>
<sltp_editor version="1.1" packageUris="http://schema.mathworks.com/mf0/DiagramEditor/R2019a_20181107 http://schema.mathworks.com/mf0/SltpSyntax/R2023b_202303220000">
  <sltp.mm.syntax.Context type="sltp.mm.syntax.Context" uuid="20dc8e00-e5db-4ba2-930d-fb200eb49fdc">
    <globalData type="sltp.mm.syntax.GlobalData" uuid="f2e1c53e-39bb-4a93-b791-6aef1a57255e">
      <dataName>portOutport</dataName>
      <type>RootOutport</type>
    </globalData>
    <globalData type="sltp.mm.syntax.GlobalData" uuid="48f89718-9f19-4650-9975-c49f52c88242">
      <dataName>portOutport1</dataName>
      <type>RootOutport</type>
    </globalData>
    <globalData type="sltp.mm.syntax.GlobalData" uuid="d2df1ef9-0d99-4b73-ada3-99874698bd72">
      <dataName>portOutport2</dataName>
      <type>RootOutport</type>
    </globalData>
    <globalData type="sltp.mm.syntax.GlobalData" uuid="972952c5-e6c6-46d0-a833-1f1f60fd851b">
      <dataName>portOutport3</dataName>
      <type>RootOutport</type>
    </globalData>
    <globalData type="sltp.mm.syntax.GlobalData" uuid="2f5e0572-ca4c-4bf9-8917-d93f86bc712e">
      <dataName>portOutport4</dataName>
      <type>RootOutport</type>
    </globalData>
    <globalData type="sltp.mm.syntax.GlobalData" uuid="516feede-88a8-4b55-95c8-041e5d5d1538">
      <dataName>portOutport5</dataName>
      <type>RootOutport</type>
    </globalData>
    <globalData type="sltp.mm.syntax.GlobalData" uuid="3aa7a006-50bc-4b6b-999b-6db75713b965">
      <dataName>portOutput</dataName>
      <type>RootOutport</type>
    </globalData>
    <globalData type="sltp.mm.syntax.GlobalData" uuid="759afdc7-f9d6-4a34-8a6c-1bcf4c5fa071">
      <dataName>portOutput1</dataName>
      <type>RootOutport</type>
    </globalData>
    <globalData type="sltp.mm.syntax.GlobalData" uuid="9fce1692-8bd4-43a2-b819-9ee3f6d30368">
      <dataName>portOutput2</dataName>
      <type>RootOutport</type>
    </globalData>
    <globalData type="sltp.mm.syntax.GlobalData" uuid="ecf9b992-6fff-4abf-83be-4274c833c851">
      <dataName>portOutput3</dataName>
      <type>RootOutport</type>
    </globalData>
    <globalData type="sltp.mm.syntax.GlobalData" uuid="6a136248-93c0-4ac3-a5e3-3e168af10ad2">
      <dataName>portOutput4</dataName>
      <type>RootOutport</type>
    </globalData>
    <globalData type="sltp.mm.syntax.GlobalData" uuid="5a64aaf8-d1a1-494a-af27-ee4096fb56ff">
      <dataName>portOutput5</dataName>
      <type>RootOutport</type>
    </globalData>
    <rootGraph type="sltp.mm.syntax.Graph" uuid="84c33d9c-247d-48a2-b7cd-264b26e58866">
      <children type="sltp.mm.syntax.Node" uuid="b834fadd-f7d0-4996-aefb-8a1c625d3969">
        <priority>40</priority>
        <rates type="sltp.mm.syntax.RateData">
          <color>#000000</color>
          <hasBlocks>true</hasBlocks>
          <rate>0</rate>
          <title>Cont</title>
        </rates>
        <rates type="sltp.mm.syntax.RateData">
          <color>#7d7d7d</color>
          <rate>[0, 1]</rate>
          <title>FiM</title>
        </rates>
        <rates type="sltp.mm.syntax.RateData">
          <color>#7d7d7d</color>
          <hasBlocks>true</hasBlocks>
          <rate>-2</rate>
          <title>CV1</title>
        </rates>
        <title>Cont</title>
        <type>base</type>
        <diagramElement type="diagram.editor.model.Entity" uuid="8cf0ae0b-2a1a-4724-8ce0-3ccc31741df2"/>
        <subgraph type="sltp.mm.syntax.Graph" uuid="af738b01-151f-40a2-a2b0-898865307b98">
          <title>Cont</title>
          <diagramElement type="diagram.editor.model.Diagram" uuid="bf918ad5-ba9e-4e4e-b868-74d828389a90"/>
        </subgraph>
      </children>
      <title>Default</title>
      <diagramElement type="diagram.editor.model.Diagram" uuid="7cbaad6a-f060-49fb-a3cb-a251878007c0"/>
    </rootGraph>
  </sltp.mm.syntax.Context>
  <diagram.editor.model.Diagram type="diagram.editor.model.Diagram" uuid="7cbaad6a-f060-49fb-a3cb-a251878007c0">
    <entities type="diagram.editor.model.Entity" uuid="8cf0ae0b-2a1a-4724-8ce0-3ccc31741df2">
      <position>0,0</position>
      <size>0,0,0,0</size>
      <syntaxElement type="sltp.mm.syntax.Node" uuid="b834fadd-f7d0-4996-aefb-8a1c625d3969"/>
      <title>Cont</title>
      <type>base</type>
      <subDiagram type="diagram.editor.model.Diagram" uuid="bf918ad5-ba9e-4e4e-b868-74d828389a90">
        <position>0,0</position>
        <syntaxElement type="sltp.mm.syntax.Graph" uuid="af738b01-151f-40a2-a2b0-898865307b98"/>
        <title>Cont</title>
        <type>graph.Graph</type>
      </subDiagram>
    </entities>
    <syntaxElement type="sltp.mm.syntax.Graph" uuid="84c33d9c-247d-48a2-b7cd-264b26e58866"/>
    <title>Default</title>
    <type>graph.Graph</type>
  </diagram.editor.model.Diagram>
</sltp_editor>