<?xml version="1.0" encoding="UTF-8"?>
<sltp_graph version="1.1" packageUris="http://schema.mathworks.com/mf0/sltp_mm/R2023a_202209151115">
  <sltp.mm.core.Context type="sltp.mm.core.Context" uuid="9163d92d-0590-41fc-b13d-3bf36253804b">
    <globalData type="sltp.mm.core.GlobalData" uuid="aa758d71-cadf-47b9-957e-3860bea2a728">
      <dataName>portOutport</dataName>
      <type>RootOutport</type>
    </globalData>
    <globalData type="sltp.mm.core.GlobalData" uuid="2e0ce8ee-ba90-4f87-803d-ef0efcb5d3f4">
      <dataName>portOutport1</dataName>
      <type>RootOutport</type>
    </globalData>
    <globalData type="sltp.mm.core.GlobalData" uuid="6942b00e-fb5b-42df-9675-df192dda6f90">
      <dataName>portOutport2</dataName>
      <type>RootOutport</type>
    </globalData>
    <globalData type="sltp.mm.core.GlobalData" uuid="3438fa02-b075-496f-b807-5060aa5de069">
      <dataName>portOutport3</dataName>
      <type>RootOutport</type>
    </globalData>
    <globalData type="sltp.mm.core.GlobalData" uuid="ab584227-ccb9-4d71-9c21-05aac0d4caf6">
      <dataName>portOutport4</dataName>
      <type>RootOutport</type>
    </globalData>
    <globalData type="sltp.mm.core.GlobalData" uuid="1bbfca44-5fec-464f-943a-79aca463647d">
      <dataName>portOutport5</dataName>
      <type>RootOutport</type>
    </globalData>
    <globalData type="sltp.mm.core.GlobalData" uuid="71d49acb-ac41-4933-846b-59502fc1aae8">
      <dataName>portOutput</dataName>
      <type>RootOutport</type>
    </globalData>
    <globalData type="sltp.mm.core.GlobalData" uuid="2e676f02-8398-4dbf-8bb0-700e3cfdcb31">
      <dataName>portOutput1</dataName>
      <type>RootOutport</type>
    </globalData>
    <globalData type="sltp.mm.core.GlobalData" uuid="ff549505-356a-4633-8d9e-ee78e10acae6">
      <dataName>portOutput2</dataName>
      <type>RootOutport</type>
    </globalData>
    <globalData type="sltp.mm.core.GlobalData" uuid="cae36c5a-fc9d-45c2-b875-287e334a9530">
      <dataName>portOutput3</dataName>
      <type>RootOutport</type>
    </globalData>
    <globalData type="sltp.mm.core.GlobalData" uuid="36118d38-8b54-474f-a444-6e8ad1cb8bba">
      <dataName>portOutput4</dataName>
      <type>RootOutport</type>
    </globalData>
    <globalData type="sltp.mm.core.GlobalData" uuid="d2d743ce-f17f-4224-9271-e0ca69974e14">
      <dataName>portOutput5</dataName>
      <type>RootOutport</type>
    </globalData>
    <priorityDirection>HighNumberLast</priorityDirection>
    <defaultEventBehavior type="sltp.mm.core.EventBehavior" uuid="20acfb17-c6b5-4a78-9c36-261814a06c6d"/>
    <editorState type="sltp.mm.core.EditorState" uuid="ef1cfea2-484a-420d-ae76-3d2ab30b0402">
      <isSynchronized>true</isSynchronized>
      <panelState type="sltp.mm.core.EditorPanelState" uuid="0bb34eb9-3f07-403c-a299-ffd7020be893"/>
    </editorState>
    <rootTask type="sltp.mm.core.Task" uuid="59365742-cebd-49a8-88f4-2a1a60c73799">
      <context type="sltp.mm.core.Context" uuid="9163d92d-0590-41fc-b13d-3bf36253804b"/>
      <explicit>false</explicit>
      <name>Default</name>
      <priority>-2147483648</priority>
      <subgraph type="sltp.mm.core.Graph" uuid="8211f6f3-6456-4fdd-9fdd-6db8c05fb759">
        <tasks type="sltp.mm.core.Task" uuid="d3dffe48-50b6-43df-b1d5-aff8dfae3fa4">
          <baseTask>true</baseTask>
          <context type="sltp.mm.core.Context" uuid="9163d92d-0590-41fc-b13d-3bf36253804b"/>
          <explicit>false</explicit>
          <id>1</id>
          <isTimed>true</isTimed>
          <name>Cont</name>
          <priority>40</priority>
          <rates type="sltp.mm.core.Rate" uuid="7fbbaac3-8132-40dd-a95c-ef4652661a81">
            <annotation>Cont</annotation>
            <color>255</color>
            <hasBlocks>true</hasBlocks>
            <identifier>Continuous00</identifier>
            <rateIndex>0</rateIndex>
            <rateSpec type="sltp.mm.core.RateSpec">
              <period>0.0</period>
            </rateSpec>
            <sti>0</sti>
          </rates>
          <rates type="sltp.mm.core.Rate" uuid="20fd4b07-c261-40a1-8353-362241b74c86">
            <annotation>FiM</annotation>
            <color>2105376255</color>
            <rateIndex>1</rateIndex>
            <rateSpec type="sltp.mm.core.RateSpec">
              <offset>1.0</offset>
              <period>0.0</period>
            </rateSpec>
            <sti>1</sti>
          </rates>
          <rates type="sltp.mm.core.Rate" uuid="86039f9e-bdde-47c1-a204-9e4efa172829">
            <annotation>CV1</annotation>
            <color>2105376255</color>
            <hasBlocks>true</hasBlocks>
            <rateIndex>2</rateIndex>
            <rateSpec type="sltp.mm.core.RateSpec">
              <period>-2.0</period>
            </rateSpec>
            <sti>2</sti>
          </rates>
        </tasks>
      </subgraph>
    </rootTask>
  </sltp.mm.core.Context>
</sltp_graph>