<?xml version="1.0" encoding="utf-8"?>
<System>
  <P Name="Location">[753, 0, 1504, 954]</P>
  <P Name="Open">on</P>
  <P Name="ZoomFactor">175</P>
  <P Name="ReportName">simulink-default.rpt</P>
  <P Name="SIDHighWatermark">38</P>
  <Block BlockType="Constant" Name="Constant" SID="1">
    <P Name="Position">[185, 220, 215, 250]</P>
    <P Name="ZOrder">1</P>
    <P Name="Value">m*-g</P>
    <PortProperties>
      <Port Type="out" Index="1">
        <P Name="Name">Weight Force</P>
      </Port>
    </PortProperties>
  </Block>
  <Block BlockType="Constant" Name="Constant1" SID="34">
    <P Name="Position">[555, 75, 585, 105]</P>
    <P Name="ZOrder">395</P>
    <P Name="Value">m*g*(1+u)</P>
  </Block>
  <Block BlockType="Demux" Name="Demux" SID="14">
    <PortCounts in="1" out="3"/>
    <P Name="Position">[1080, 171, 1085, 279]</P>
    <P Name="ZOrder">377</P>
    <P Name="Outputs">3</P>
    <PortProperties>
      <Port Type="out" Index="1">
        <P Name="Name">omega_j</P>
      </Port>
      <Port Type="out" Index="2">
        <P Name="Name">f_k</P>
      </Port>
      <Port Type="out" Index="3">
        <P Name="Name">v_m</P>
      </Port>
    </PortProperties>
  </Block>
  <Block BlockType="Reference" Name="Discrete PID Controller" SID="7">
    <PortCounts in="1" out="1"/>
    <P Name="Position">[455, 217, 495, 253]</P>
    <P Name="ZOrder">323</P>
    <P Name="LibrarySourceBlock">simulink/Discrete/Discrete PID Controller</P>
    <P Name="LibraryVersion">7.0</P>
    <P Name="SourceBlock">slpidlib/PID Controller</P>
    <P Name="SourceType">PID 1dof</P>
    <InstanceData>
      <P Name="RTWMemSecFuncInitTerm">Inherit from model</P>
      <P Name="RTWMemSecFuncExecute">Inherit from model</P>
      <P Name="RTWMemSecDataConstants">Inherit from model</P>
      <P Name="RTWMemSecDataInternal">Inherit from model</P>
      <P Name="RTWMemSecDataParameters">Inherit from model</P>
      <P Name="ContentPreviewEnabled">on</P>
      <P Name="Controller">PID</P>
      <P Name="Form">Parallel</P>
      <P Name="TimeDomain">Continuous-time</P>
      <P Name="UseExternalTs">off</P>
      <P Name="SampleTime">.005</P>
      <P Name="IntegratorMethod">Forward Euler</P>
      <P Name="FilterMethod">Forward Euler</P>
      <P Name="ControllerParametersSource">internal</P>
      <P Name="P">.346</P>
      <P Name="I">6.5</P>
      <P Name="UseKiTs">off</P>
      <P Name="D">.00402</P>
      <P Name="N">.000309</P>
      <P Name="UseFilter">on</P>
      <P Name="TunerSelectOption">Transfer Function Based (PID Tuner App)</P>
      <P Name="ZeroCross">on</P>
      <P Name="InitialConditionSource">internal</P>
      <P Name="InitialConditionForIntegrator">0</P>
      <P Name="InitialConditionForFilter">0</P>
      <P Name="DifferentiatorICPrevScaledInput">0</P>
      <P Name="ExternalReset">none</P>
      <P Name="IgnoreLimit">off</P>
      <P Name="TrackingMode">off</P>
      <P Name="Kt">1</P>
      <P Name="LimitOutput">off</P>
      <P Name="SatLimitsSource">internal</P>
      <P Name="UpperSaturationLimit">inf</P>
      <P Name="LowerSaturationLimit">-inf</P>
      <P Name="LinearizeAsGain">off</P>
      <P Name="AntiWindupMode">none</P>
      <P Name="Kb">1</P>
      <P Name="LimitIntegrator">off</P>
      <P Name="UpperIntegratorSaturationLimit">inf</P>
      <P Name="LowerIntegratorSaturationLimit">-inf</P>
      <P Name="RndMeth">Floor</P>
      <P Name="SaturateOnIntegerOverflow">off</P>
      <P Name="LockScale">off</P>
      <P Name="PGainOutDataTypeStr">Inherit: Inherit via internal rule</P>
      <P Name="PProdOutDataTypeStr">Inherit: Inherit via internal rule</P>
      <P Name="POutMin">[]</P>
      <P Name="POutMax">[]</P>
      <P Name="IGainOutDataTypeStr">Inherit: Inherit via internal rule</P>
      <P Name="IProdOutDataTypeStr">Inherit: Inherit via internal rule</P>
      <P Name="IOutMin">[]</P>
      <P Name="IOutMax">[]</P>
      <P Name="DGainOutDataTypeStr">Inherit: Inherit via internal rule</P>
      <P Name="DProdOutDataTypeStr">Inherit: Inherit via internal rule</P>
      <P Name="DOutMin">[]</P>
      <P Name="DOutMax">[]</P>
      <P Name="NGainOutDataTypeStr">Inherit: Inherit via internal rule</P>
      <P Name="NProdOutDataTypeStr">Inherit: Inherit via internal rule</P>
      <P Name="NOutMin">[]</P>
      <P Name="NOutMax">[]</P>
      <P Name="SumOutDataTypeStr">Inherit: Inherit via internal rule</P>
      <P Name="SumOutMin">[]</P>
      <P Name="SumOutMax">[]</P>
      <P Name="SaturationOutDataTypeStr">Inherit: Same as input</P>
      <P Name="SaturationOutMin">[]</P>
      <P Name="SaturationOutMax">[]</P>
      <P Name="PParamDataTypeStr">Inherit: Inherit via internal rule</P>
      <P Name="PParamMin">[]</P>
      <P Name="PParamMax">[]</P>
      <P Name="IParamDataTypeStr">Inherit: Inherit via internal rule</P>
      <P Name="IParamMin">[]</P>
      <P Name="IParamMax">[]</P>
      <P Name="DParamDataTypeStr">Inherit: Inherit via internal rule</P>
      <P Name="DParamMin">[]</P>
      <P Name="DParamMax">[]</P>
      <P Name="NParamDataTypeStr">Inherit: Inherit via internal rule</P>
      <P Name="NParamMin">[]</P>
      <P Name="NParamMax">[]</P>
      <P Name="KbParamDataTypeStr">Inherit: Inherit via internal rule</P>
      <P Name="KbParamMin">[]</P>
      <P Name="KbParamMax">[]</P>
      <P Name="KtParamDataTypeStr">Inherit: Inherit via internal rule</P>
      <P Name="KtParamMin">[]</P>
      <P Name="KtParamMax">[]</P>
      <P Name="KbOutDataTypeStr">Inherit: Inherit via internal rule</P>
      <P Name="KbOutMin">[]</P>
      <P Name="KbOutMax">[]</P>
      <P Name="KtOutDataTypeStr">Inherit: Inherit via internal rule</P>
      <P Name="KtOutMin">[]</P>
      <P Name="KtOutMax">[]</P>
      <P Name="IntegratorOutDataTypeStr">Inherit: Inherit via internal rule</P>
      <P Name="IntegratorOutMin">[]</P>
      <P Name="IntegratorOutMax">[]</P>
      <P Name="FilterOutDataTypeStr">Inherit: Inherit via internal rule</P>
      <P Name="FilterOutMin">[]</P>
      <P Name="FilterOutMax">[]</P>
      <P Name="SumI1OutDataTypeStr">Inherit: Inherit via internal rule</P>
      <P Name="SumI1OutMin">[]</P>
      <P Name="SumI1OutMax">[]</P>
      <P Name="SumI2OutDataTypeStr">Inherit: Inherit via internal rule</P>
      <P Name="SumI2OutMin">[]</P>
      <P Name="SumI2OutMax">[]</P>
      <P Name="SumI3OutDataTypeStr">Inherit: Inherit via internal rule</P>
      <P Name="SumI3OutMin">[]</P>
      <P Name="SumI3OutMax">[]</P>
      <P Name="SumI4OutDataTypeStr">Inherit: Inherit via internal rule</P>
      <P Name="SumI4OutMin">[]</P>
      <P Name="SumI4OutMax">[]</P>
      <P Name="SumDOutDataTypeStr">Inherit: Inherit via internal rule</P>
      <P Name="SumDOutMin">[]</P>
      <P Name="SumDOutMax">[]</P>
      <P Name="SumAccumDataTypeStr">Inherit: Inherit via internal rule</P>
      <P Name="SumI1AccumDataTypeStr">Inherit: Inherit via internal rule</P>
      <P Name="SumI2AccumDataTypeStr">Inherit: Inherit via internal rule</P>
      <P Name="SumI3AccumDataTypeStr">Inherit: Inherit via internal rule</P>
      <P Name="SumI4AccumDataTypeStr">Inherit: Inherit via internal rule</P>
      <P Name="SumDAccumDataTypeStr">Inherit: Inherit via internal rule</P>
      <P Name="DifferentiatorOutDataTypeStr">Inherit: Inherit via internal rule</P>
      <P Name="DifferentiatorOutMin">[]</P>
      <P Name="DifferentiatorOutMax">[]</P>
      <P Name="FilterDiffNumProductOutputDataTypeStr">Inherit: Inherit via internal rule</P>
      <P Name="FilterDiffDenProductOutputDataTypeStr">Inherit: Inherit via internal rule</P>
      <P Name="FilterDiffNumAccumDataTypeStr">Inherit: Inherit via internal rule</P>
      <P Name="FilterDiffDenAccumDataTypeStr">Inherit: Inherit via internal rule</P>
      <P Name="FilterDiffOutCoefDataTypeStr">Inherit: Inherit via internal rule</P>
      <P Name="FilterDiffOutCoefMin">[]</P>
      <P Name="FilterDiffOutCoefMax">[]</P>
      <P Name="ReciprocalOutDataTypeStr">Inherit: Inherit via internal rule</P>
      <P Name="ReciprocalOutMin">[]</P>
      <P Name="ReciprocalOutMax">[]</P>
      <P Name="SumDenOutDataTypeStr">Inherit: Inherit via internal rule</P>
      <P Name="SumDenOutMin">[]</P>
      <P Name="SumDenOutMax">[]</P>
      <P Name="SumNumOutDataTypeStr">Inherit: Inherit via internal rule</P>
      <P Name="SumNumOutMin">[]</P>
      <P Name="SumNumOutMax">[]</P>
      <P Name="SumDenAccumDataTypeStr">Inherit: Inherit via internal rule</P>
      <P Name="SumNumAccumDataTypeStr">Inherit: Inherit via internal rule</P>
      <P Name="DivideOutDataTypeStr">Inherit: Inherit via internal rule</P>
      <P Name="DivideOutMin">[]</P>
      <P Name="DivideOutMax">[]</P>
      <P Name="UdiffTsProdOutDataTypeStr">Inherit: Inherit via internal rule</P>
      <P Name="UdiffTsProdOutMin">[]</P>
      <P Name="UdiffTsProdOutMax">[]</P>
      <P Name="NTsProdOutDataTypeStr">Inherit: Inherit via internal rule</P>
      <P Name="NTsProdOutMin">[]</P>
      <P Name="NTsProdOutMax">[]</P>
      <P Name="UintegralTsProdOutDataTypeStr">Inherit: Inherit via internal rule</P>
      <P Name="UintegralTsProdOutMin">[]</P>
      <P Name="UintegralTsProdOutMax">[]</P>
      <P Name="UngainTsProdOutDataTypeStr">Inherit: Inherit via internal rule</P>
      <P Name="UngainTsProdOutMin">[]</P>
      <P Name="UngainTsProdOutMax">[]</P>
      <P Name="ClampingZeroOutDataTypeStr">Inherit: Inherit via back propagation</P>
      <P Name="ClampingZeroOutMin">[]</P>
      <P Name="ClampingZeroOutMax">[]</P>
      <P Name="FilterDenConstantOutDataTypeStr">Inherit: Inherit via back propagation</P>
      <P Name="FilterDenConstantOutMin">[]</P>
      <P Name="FilterDenConstantOutMax">[]</P>
      <P Name="PCopyOutDataTypeStr">Inherit: Inherit via back propagation</P>
      <P Name="PCopyOutMin">[]</P>
      <P Name="PCopyOutMax">[]</P>
      <P Name="NCopyOutDataTypeStr">Inherit: Inherit via back propagation</P>
      <P Name="NCopyOutMin">[]</P>
      <P Name="NCopyOutMax">[]</P>
      <P Name="IntegratorContinuousStateAttributes">&apos;&apos;</P>
      <P Name="IntegratorStateMustResolveToSignalObject">off</P>
      <P Name="IntegratorRTWStateStorageClass">Auto</P>
      <P Name="FilterContinuousStateAttributes">&apos;&apos;</P>
      <P Name="FilterStateMustResolveToSignalObject">off</P>
      <P Name="FilterRTWStateStorageClass">Auto</P>
      <P Name="ParallelPVariant">InternalParameters</P>
      <P Name="IdealPVariant">Disabled</P>
      <P Name="IVariant">InternalParameters</P>
      <P Name="DVariant">InternalParameters</P>
      <P Name="IntegratorVariant">Continuous</P>
      <P Name="SatVariant">Disabled</P>
      <P Name="AWVariant">Passthrough</P>
      <P Name="PCopyVariant">Disabled</P>
      <P Name="TRVariant">Disabled</P>
      <P Name="FdbkBlocksVariant">Forward</P>
      <P Name="IdealPFdbkVariant">Disabled</P>
      <P Name="SatFdbkVariant">Disabled</P>
      <P Name="DerivativeFilterVariant">ContFilter</P>
      <P Name="NVariant">InternalParameters</P>
      <P Name="NCopyVariant">Disabled</P>
      <P Name="FilterICVariant">InternalICsFilter</P>
      <P Name="IntegratorICVariant">InternalICs</P>
      <P Name="ExternalResetVariant">Disabled</P>
      <P Name="TRSumVariant">Passthrough</P>
      <P Name="SumFdbkVariant">Disabled</P>
      <P Name="SumVariant">Sum_PID</P>
      <P Name="TsampFilterVariant">InternalTs</P>
      <P Name="TsampNgainVariant">Passthrough</P>
      <P Name="TsampIntegralVariant">Disabled_SignalSpec</P>
      <P Name="ExternalSaturationOutDataTypeStr">Inherit: Same as second input</P>
      <P Name="InitialConditionSetting">Auto</P>
    </InstanceData>
    <PortProperties>
      <Port Type="out" Index="1">
        <P Name="Name">Voltage</P>
      </Port>
    </PortProperties>
  </Block>
  <Block BlockType="Gain" Name="Gain" SID="2">
    <P Name="Position">[240, 220, 270, 250]</P>
    <P Name="ZOrder">2</P>
    <P Name="Gain">u</P>
  </Block>
  <Block BlockType="Gain" Name="Gain1" SID="10">
    <P Name="Position">[830, 220, 860, 250]</P>
    <P Name="ZOrder">374</P>
    <P Name="Gain">N</P>
  </Block>
  <Block BlockType="Gain" Name="Gain2" SID="8">
    <P Name="Position">[695, 220, 725, 250]</P>
    <P Name="ZOrder">371</P>
    <P Name="NameLocation">top</P>
    <P Name="Gain">ka</P>
    <PortProperties>
      <Port Type="out" Index="1">
        <P Name="Name">Current</P>
      </Port>
    </PortProperties>
  </Block>
  <Block BlockType="Gain" Name="Gain3" SID="11">
    <P Name="Position">[780, 220, 810, 250]</P>
    <P Name="ZOrder">373</P>
    <P Name="NameLocation">top</P>
    <P Name="Gain">km</P>
  </Block>
  <Block BlockType="Gain" Name="Gain4" SID="17">
    <P Name="Position">[1240, 210, 1270, 240]</P>
    <P Name="ZOrder">380</P>
    <P Name="Gain">1/2</P>
  </Block>
  <Block BlockType="Integrator" Name="Integrator" SID="27">
    <PortCounts in="1" out="1"/>
    <P Name="Position">[1240, 285, 1270, 315]</P>
    <P Name="ZOrder">389</P>
  </Block>
  <Block BlockType="Mux" Name="Mux" SID="13">
    <PortCounts in="2" out="1"/>
    <P Name="Position">[915, 206, 920, 244]</P>
    <P Name="ZOrder">376</P>
    <P Name="Inputs">2</P>
    <P Name="DisplayOption">bar</P>
  </Block>
  <Block BlockType="DiscretePulseGenerator" Name="Pulse&#xA;Generator" SID="32">
    <PortCounts out="1"/>
    <P Name="Position">[540, 119, 570, 151]</P>
    <P Name="ZOrder">393</P>
    <P Name="PulseType">Time based</P>
    <P Name="Amplitude">700</P>
    <P Name="Period">10</P>
    <P Name="PulseWidth">30</P>
  </Block>
  <Block BlockType="Quantizer" Name="Quantizer" SID="21">
    <P Name="Position">[1175, 115, 1205, 145]</P>
    <P Name="ZOrder">383</P>
    <P Name="QuantizationInterval">.0126</P>
  </Block>
  <Block BlockType="Saturate" Name="Saturation" SID="9">
    <P Name="Position">[625, 220, 655, 250]</P>
    <P Name="ZOrder">372</P>
    <P Name="UpperLimit">7.5</P>
    <P Name="LowerLimit">-7.5</P>
    <PortProperties>
      <Port Type="out" Index="1">
        <P Name="Name">Voltage</P>
      </Port>
    </PortProperties>
  </Block>
  <Block BlockType="StateSpace" Name="State-Space" SID="12">
    <PortCounts in="1" out="1"/>
    <P Name="Position">[975, 208, 1035, 242]</P>
    <P Name="ZOrder">375</P>
    <P Name="A">A</P>
    <P Name="B">B</P>
    <P Name="C">C2</P>
    <P Name="D">D2</P>
    <P Name="InitialCondition">x0</P>
  </Block>
  <Block BlockType="Sum" Name="Sum" SID="5">
    <PortCounts in="3" out="1"/>
    <P Name="Position">[665, 125, 685, 145]</P>
    <P Name="ZOrder">293</P>
    <P Name="Inputs">+++</P>
    <PortProperties>
      <Port Type="out" Index="1">
        <P Name="Name">F_ext</P>
      </Port>
    </PortProperties>
  </Block>
  <Block BlockType="Sum" Name="Sum1" SID="15">
    <PortCounts in="2" out="1"/>
    <P Name="Position">[395, 225, 415, 245]</P>
    <P Name="ZOrder">378</P>
    <P Name="Inputs">|+-</P>
  </Block>
  <Block BlockType="TransferFcn" Name="Transfer Fcn" SID="31">
    <P Name="Position">[545, 217, 605, 253]</P>
    <P Name="ZOrder">392</P>
    <P Name="Denominator">[1/(2*pi*120) 1]</P>
  </Block>
  <Block BlockType="TransferFcn" Name="Transfer Fcn1" SID="33">
    <P Name="Position">[580, 117, 640, 153]</P>
    <P Name="ZOrder">394</P>
    <P Name="Denominator">[1 5]</P>
  </Block>
  <Block BlockType="TransferFcn" Name="Transfer Fcn2" SID="37">
    <P Name="Position">[295, 217, 355, 253]</P>
    <P Name="ZOrder">397</P>
    <P Name="Denominator">[1/20 1]</P>
  </Block>
  <Block BlockType="ZeroOrderHold" Name="Zero-Order&#xA;Hold" SID="20">
    <P Name="Position">[1115, -40, 1150, -10]</P>
    <P Name="ZOrder">382</P>
    <P Name="SampleTime">BTI</P>
  </Block>
  <Block BlockType="Outport" Name="Output" SID="16">
    <P Name="Position">[1335, 218, 1365, 232]</P>
    <P Name="ZOrder">379</P>
  </Block>
  <Block BlockType="Outport" Name="Outport" SID="19">
    <P Name="Position">[840, 128, 870, 142]</P>
    <P Name="ZOrder">381</P>
    <P Name="Port">2</P>
  </Block>
  <Block BlockType="Outport" Name="Outport1" SID="22">
    <P Name="Position">[690, 193, 720, 207]</P>
    <P Name="ZOrder">384</P>
    <P Name="Port">3</P>
  </Block>
  <Block BlockType="Outport" Name="Outport2" SID="23">
    <P Name="Position">[755, 183, 785, 197]</P>
    <P Name="ZOrder">385</P>
    <P Name="Port">4</P>
  </Block>
  <Block BlockType="Outport" Name="Outport3" SID="24">
    <P Name="Position">[890, 253, 920, 267]</P>
    <P Name="ZOrder">386</P>
    <P Name="Port">5</P>
  </Block>
  <Block BlockType="Outport" Name="Outport4" SID="25">
    <P Name="Position">[465, 263, 495, 277]</P>
    <P Name="ZOrder">387</P>
    <P Name="Port">6</P>
  </Block>
  <Block BlockType="Outport" Name="Outport5" SID="26">
    <P Name="Position">[1225, 253, 1255, 267]</P>
    <P Name="ZOrder">388</P>
    <P Name="Port">7</P>
  </Block>
  <Block BlockType="Outport" Name="Outport6" SID="28">
    <P Name="Position">[1295, 293, 1325, 307]</P>
    <P Name="ZOrder">390</P>
    <P Name="Port">8</P>
  </Block>
  <Block BlockType="Scope" Name="Scope" SID="29">
    <PortCounts/>
    <P Name="Position">[185, 14, 215, 46]</P>
    <P Name="ZOrder">391</P>
    <P Name="IOType">viewer</P>
    <List ListType="IOSignalStrings">
      <P Name="set0ParseKeys">8</P>
      <P Name="set0Sigs">Demux:o2</P>
    </List>
    <P Name="ScopeSpecificationString">Simulink.scopes.TimeScopeBlockCfg(&apos;CurrentConfiguration&apos;, extmgr.ConfigurationSet(extmgr.Configuration(&apos;Core&apos;,&apos;General UI&apos;,true),extmgr.Configuration(&apos;Core&apos;,&apos;Source UI&apos;,true),extmgr.Configuration(&apos;Sources&apos;,&apos;WiredSimulink&apos;,true),extmgr.Configuration(&apos;Visuals&apos;,&apos;Time Domain&apos;,true,&apos;SerializedDisplays&apos;,{struct(&apos;MinYLimReal&apos;,&apos;-9.74125&apos;,&apos;MaxYLimReal&apos;,&apos;13.08227&apos;,&apos;YLabelReal&apos;,&apos;&apos;,&apos;MinYLimMag&apos;,&apos;0.00000&apos;,&apos;MaxYLimMag&apos;,&apos;13.08227&apos;,&apos;LegendVisibility&apos;,&apos;off&apos;,&apos;XGrid&apos;,true,&apos;YGrid&apos;,true,&apos;PlotMagPhase&apos;,false,&apos;AxesColor&apos;,[0 0 0],&apos;AxesTickColor&apos;,[0.686274509803922 0.686274509803922 0.686274509803922],&apos;ColorOrder&apos;,[1 1 0.0666666666666667;0.0745098039215686 0.623529411764706 1;1 0.411764705882353 0.16078431372549;0.392156862745098 0.831372549019608 0.0745098039215686;0.717647058823529 0.274509803921569 1;0.0588235294117647 1 1;1 0.0745098039215686 0.650980392156863],&apos;Title&apos;,&apos;%&lt;SignalLabel&gt;&apos;,&apos;LinePropertiesCache&apos;,{{}},&apos;UserDefinedChannelNames&apos;,{{}},&apos;NumLines&apos;,1,&apos;LineNames&apos;,{{&apos;f_k&apos;}},&apos;ShowContent&apos;,true,&apos;Placement&apos;,1)},&apos;DisplayPropertyDefaults&apos;,struct(&apos;MinYLimReal&apos;,&apos;-9.74125&apos;,&apos;MaxYLimReal&apos;,&apos;13.08227&apos;,&apos;YLabelReal&apos;,&apos;&apos;,&apos;MinYLimMag&apos;,&apos;0.00000&apos;,&apos;MaxYLimMag&apos;,&apos;13.08227&apos;,&apos;LegendVisibility&apos;,&apos;off&apos;,&apos;XGrid&apos;,true,&apos;YGrid&apos;,true,&apos;PlotMagPhase&apos;,false,&apos;AxesColor&apos;,[0 0 0],&apos;AxesTickColor&apos;,[0.686274509803922 0.686274509803922 0.686274509803922],&apos;ColorOrder&apos;,[0.0745098039215686 0.623529411764706 1;1 0.411764705882353 0.16078431372549;1 1 0.0666666666666667;0.717647058823529 0.274509803921569 1;0.392156862745098 0.831372549019608 0.0745098039215686;0.0588235294117647 1 1;1 0.0745098039215686 0.650980392156863])),extmgr.Configuration(&apos;Tools&apos;,&apos;Plot Navigation&apos;,true),extmgr.Configuration(&apos;Tools&apos;,&apos;Measurements&apos;,true,&apos;Version&apos;,&apos;2023b&apos;)),&apos;Version&apos;,&apos;2023b&apos;,&apos;Position&apos;,[472 291 560 420])</P>
    <P Name="NumInputPorts">1</P>
    <P Name="Floating">off</P>
  </Block>
  <Block BlockType="Scope" Name="Scope1" SID="35">
    <PortCounts/>
    <P Name="Position">[185, 14, 215, 46]</P>
    <P Name="ZOrder">396</P>
    <P Name="IOType">viewer</P>
    <List ListType="IOSignalStrings">
      <P Name="set0ParseKeys">14</P>
      <P Name="set0Sigs">State-Space:o1</P>
    </List>
    <P Name="ScopeSpecificationString">Simulink.scopes.TimeScopeBlockCfg(&apos;CurrentConfiguration&apos;, extmgr.ConfigurationSet(extmgr.Configuration(&apos;Core&apos;,&apos;General UI&apos;,true),extmgr.Configuration(&apos;Core&apos;,&apos;Source UI&apos;,true),extmgr.Configuration(&apos;Sources&apos;,&apos;WiredSimulink&apos;,true,&apos;DataLoggingVariableName&apos;,&apos;ScopeData1&apos;),extmgr.Configuration(&apos;Visuals&apos;,&apos;Time Domain&apos;,true,&apos;SerializedDisplays&apos;,{struct(&apos;MinYLimReal&apos;,&apos;-30.35511&apos;,&apos;MaxYLimReal&apos;,&apos;63.95636&apos;,&apos;YLabelReal&apos;,&apos;&apos;,&apos;MinYLimMag&apos;,&apos;0.00000&apos;,&apos;MaxYLimMag&apos;,&apos;63.95636&apos;,&apos;LegendVisibility&apos;,&apos;On&apos;,&apos;XGrid&apos;,true,&apos;YGrid&apos;,true,&apos;PlotMagPhase&apos;,false,&apos;AxesColor&apos;,[0 0 0],&apos;AxesTickColor&apos;,[0.686274509803922 0.686274509803922 0.686274509803922],&apos;ColorOrder&apos;,[1 1 0.0666666666666667;0.0745098039215686 0.623529411764706 1;1 0.411764705882353 0.16078431372549;0.392156862745098 0.831372549019608 0.0745098039215686;0.717647058823529 0.274509803921569 1;0.0588235294117647 1 1;1 0.0745098039215686 0.650980392156863],&apos;Title&apos;,&apos;%&lt;SignalLabel&gt;&apos;,&apos;LinePropertiesCache&apos;,{{}},&apos;UserDefinedChannelNames&apos;,{{}},&apos;NumLines&apos;,0,&apos;LineNames&apos;,{{[]}},&apos;ShowContent&apos;,true,&apos;Placement&apos;,1)},&apos;DisplayPropertyDefaults&apos;,struct(&apos;MinYLimReal&apos;,&apos;-30.35511&apos;,&apos;MaxYLimReal&apos;,&apos;63.95636&apos;,&apos;YLabelReal&apos;,&apos;&apos;,&apos;MinYLimMag&apos;,&apos;0.00000&apos;,&apos;MaxYLimMag&apos;,&apos;63.95636&apos;,&apos;LegendVisibility&apos;,&apos;On&apos;,&apos;XGrid&apos;,true,&apos;YGrid&apos;,true,&apos;PlotMagPhase&apos;,false,&apos;AxesColor&apos;,[0 0 0],&apos;AxesTickColor&apos;,[0.686274509803922 0.686274509803922 0.686274509803922],&apos;ColorOrder&apos;,[0.0745098039215686 0.623529411764706 1;1 0.411764705882353 0.16078431372549;1 1 0.0666666666666667;0.717647058823529 0.274509803921569 1;0.392156862745098 0.831372549019608 0.0745098039215686;0.0588235294117647 1 1;1 0.0745098039215686 0.650980392156863])),extmgr.Configuration(&apos;Tools&apos;,&apos;Plot Navigation&apos;,true,&apos;OnceAtStop&apos;,false),extmgr.Configuration(&apos;Tools&apos;,&apos;Measurements&apos;,true,&apos;Version&apos;,&apos;2023b&apos;)),&apos;Version&apos;,&apos;2023b&apos;,&apos;Position&apos;,[654.333333333333 139.666666666667 560 420])</P>
    <P Name="NumInputPorts">1</P>
    <P Name="Floating">off</P>
  </Block>
  <Line>
    <P Name="Name">Weight Force</P>
    <P Name="ZOrder">1</P>
    <P Name="Src">1#out:1</P>
    <P Name="Points">[2, 0]</P>
    <Branch>
      <P Name="ZOrder">181</P>
      <P Name="Dst">2#in:1</P>
    </Branch>
    <Branch>
      <P Name="ZOrder">179</P>
      <P Name="Labels">[2, 1]</P>
      <P Name="Points">[0, -50; 453, 0]</P>
      <P Name="Dst">5#in:3</P>
    </Branch>
  </Line>
  <Line>
    <P Name="Name">F_ext</P>
    <P Name="ZOrder">23</P>
    <P Name="Labels">[1, 1]</P>
    <P Name="Src">5#out:1</P>
    <P Name="Points">[105, 0]</P>
    <Branch>
      <P Name="ZOrder">60</P>
      <P Name="Points">[0, 46; 100, 0; 0, 54]</P>
      <P Name="Dst">13#in:2</P>
    </Branch>
    <Branch>
      <P Name="ZOrder">40</P>
      <P Name="Dst">19#in:1</P>
    </Branch>
  </Line>
  <Line>
    <P Name="Name">Voltage</P>
    <P Name="ZOrder">221</P>
    <P Name="Labels">[1, 1]</P>
    <P Name="Src">7#out:1</P>
    <P Name="Dst">31#in:1</P>
  </Line>
  <Line>
    <P Name="ZOrder">17</P>
    <P Name="Src">11#out:1</P>
    <P Name="Dst">10#in:1</P>
  </Line>
  <Line>
    <P Name="Name">Current</P>
    <P Name="ZOrder">19</P>
    <P Name="Src">8#out:1</P>
    <P Name="Points">[5, 0]</P>
    <Branch>
      <P Name="ZOrder">45</P>
      <P Name="Points">[0, -45]</P>
      <P Name="Dst">23#in:1</P>
    </Branch>
    <Branch>
      <P Name="ZOrder">44</P>
      <P Name="Labels">[1, 1]</P>
      <P Name="Points">[45, 0]</P>
      <P Name="Dst">11#in:1</P>
    </Branch>
  </Line>
  <Line>
    <P Name="ZOrder">24</P>
    <P Name="Src">10#out:1</P>
    <P Name="Points">[8, 0]</P>
    <Branch>
      <P Name="ZOrder">61</P>
      <P Name="Points">[0, -20]</P>
      <P Name="Dst">13#in:1</P>
    </Branch>
    <Branch>
      <P Name="ZOrder">59</P>
      <P Name="Points">[2, 0]</P>
      <P Name="Dst">24#in:1</P>
    </Branch>
  </Line>
  <Line>
    <P Name="ZOrder">25</P>
    <P Name="Src">13#out:1</P>
    <P Name="Dst">12#in:1</P>
  </Line>
  <Line>
    <P Name="ZOrder">26</P>
    <P Name="Src">12#out:1</P>
    <P Name="Dst">14#in:1</P>
  </Line>
  <Line>
    <P Name="Name">omega_j</P>
    <P Name="ZOrder">30</P>
    <P Name="Labels">[1, 1]</P>
    <P Name="Src">14#out:1</P>
    <P Name="Points">[131, 0; 0, 8]</P>
  </Line>
  <Line>
    <P Name="Name">v_m</P>
    <P Name="ZOrder">50</P>
    <P Name="Labels">[1, 1]</P>
    <P Name="Src">14#out:3</P>
    <P Name="Points">[115, 0]</P>
    <Branch>
      <P Name="ZOrder">52</P>
      <P Name="Points">[0, 40]</P>
      <P Name="Dst">27#in:1</P>
    </Branch>
    <Branch>
      <P Name="ZOrder">51</P>
      <P Name="Dst">26#in:1</P>
    </Branch>
  </Line>
  <Line>
    <P Name="ZOrder">31</P>
    <P Name="Src">2#out:1</P>
    <P Name="Dst">37#in:1</P>
  </Line>
  <Line>
    <P Name="ZOrder">32</P>
    <P Name="Src">15#out:1</P>
    <P Name="Points">[13, 0]</P>
    <Branch>
      <P Name="ZOrder">220</P>
      <P Name="Dst">7#in:1</P>
    </Branch>
    <Branch>
      <P Name="ZOrder">49</P>
      <P Name="Points">[0, 35]</P>
      <P Name="Dst">25#in:1</P>
    </Branch>
  </Line>
  <Line>
    <P Name="ZOrder">53</P>
    <P Name="Src">27#out:1</P>
    <P Name="Dst">28#in:1</P>
  </Line>
  <Line>
    <P Name="ZOrder">54</P>
    <P Name="Points">[1150, 130]</P>
    <P Name="Dst">21#in:1</P>
  </Line>
  <Line>
    <P Name="Name">f_k</P>
    <P Name="ZOrder">256</P>
    <P Name="Labels">[0, 0]</P>
    <P Name="Src">14#out:2</P>
    <P Name="Dst">17#in:1</P>
  </Line>
  <Line>
    <P Name="ZOrder">100</P>
    <P Name="Src">32#out:1</P>
    <P Name="Dst">33#in:1</P>
  </Line>
  <Line>
    <P Name="ZOrder">108</P>
    <P Name="Src">33#out:1</P>
    <P Name="Dst">5#in:2</P>
  </Line>
  <Line>
    <P Name="ZOrder">37</P>
    <P Name="Src">17#out:1</P>
    <P Name="Points">[8, 0]</P>
    <Branch>
      <P Name="ZOrder">104</P>
      <P Name="Points">[0, 115; -878, 0]</P>
      <P Name="Dst">15#in:2</P>
    </Branch>
    <Branch>
      <P Name="ZOrder">93</P>
      <P Name="Dst">16#in:1</P>
    </Branch>
  </Line>
  <Line>
    <P Name="ZOrder">219</P>
    <P Name="Src">34#out:1</P>
    <P Name="Points">[85, 0]</P>
    <P Name="Dst">5#in:1</P>
  </Line>
  <Line>
    <P Name="ZOrder">175</P>
    <P Name="Src">31#out:1</P>
    <P Name="Dst">9#in:1</P>
  </Line>
  <Line>
    <P Name="Name">Voltage</P>
    <P Name="ZOrder">178</P>
    <P Name="Src">9#out:1</P>
    <P Name="Points">[7, 0]</P>
    <Branch>
      <P Name="ZOrder">43</P>
      <P Name="Points">[0, -35]</P>
      <P Name="Dst">22#in:1</P>
    </Branch>
    <Branch>
      <P Name="ZOrder">42</P>
      <P Name="Labels">[1, 1]</P>
      <P Name="Dst">8#in:1</P>
    </Branch>
  </Line>
  <Line>
    <P Name="ZOrder">182</P>
    <P Name="Src">37#out:1</P>
    <P Name="Dst">15#in:1</P>
  </Line>
</System>
