<?xml version="1.0" encoding="utf-8"?>
<ConfigSetInfo>
  <ConfigSet PartName="/simulink/configSet0.xml">Configuration</ConfigSet>
  <ConfigSet PartName="/simulink/configSet1.xml">Configuration1</ConfigSet>
  <ConfigSet PartName="/simulink/configSet2.xml">Configuration2</ConfigSet>
  <ConfigSet PartName="/simulink/configSet3.xml">Configuration3</ConfigSet>
  <ConfigSet PartName="/simulink/configSet4.xml">Configuration4</ConfigSet>
  <ConfigSet PartName="/simulink/configSet5.xml">Configuration5</ConfigSet>
  <ConfigSet PartName="/simulink/configSet6.xml" Active="true">Configuration6</ConfigSet>
</ConfigSetInfo>
