<?xml version="1.0" encoding="utf-8"?>
<GraphicalInterface>
  <P Name="NumRootInports">0</P>
  <P Name="NumRootOutports">8</P>
  <Outport Name="Output">
    <P Name="BusObject"/>
    <P Name="BusOutputAsStruct">off</P>
    <P Name="UnitExpr">inherit</P>
    <P Name="OutportClientType">off</P>
  </Outport>
  <Outport Name="Outport">
    <P Name="BusObject"/>
    <P Name="BusOutputAsStruct">off</P>
    <P Name="SignalName">F_ext</P>
    <P Name="UnitExpr">inherit</P>
    <P Name="OutportClientType">off</P>
  </Outport>
  <Outport Name="Outport1">
    <P Name="BusObject"/>
    <P Name="BusOutputAsStruct">off</P>
    <P Name="SignalName">Voltage</P>
    <P Name="UnitExpr">inherit</P>
    <P Name="OutportClientType">off</P>
  </Outport>
  <Outport Name="Outport2">
    <P Name="BusObject"/>
    <P Name="BusOutputAsStruct">off</P>
    <P Name="SignalName">Current</P>
    <P Name="UnitExpr">inherit</P>
    <P Name="OutportClientType">off</P>
  </Outport>
  <Outport Name="Outport3">
    <P Name="BusObject"/>
    <P Name="BusOutputAsStruct">off</P>
    <P Name="UnitExpr">inherit</P>
    <P Name="OutportClientType">off</P>
  </Outport>
  <Outport Name="Outport4">
    <P Name="BusObject"/>
    <P Name="BusOutputAsStruct">off</P>
    <P Name="UnitExpr">inherit</P>
    <P Name="OutportClientType">off</P>
  </Outport>
  <Outport Name="Outport5">
    <P Name="BusObject"/>
    <P Name="BusOutputAsStruct">off</P>
    <P Name="SignalName">v_m</P>
    <P Name="UnitExpr">inherit</P>
    <P Name="OutportClientType">off</P>
  </Outport>
  <Outport Name="Outport6">
    <P Name="BusObject"/>
    <P Name="BusOutputAsStruct">off</P>
    <P Name="UnitExpr">inherit</P>
    <P Name="OutportClientType">off</P>
  </Outport>
  <P Name="ParameterArgumentNames"/>
  <P Name="NumModelReferences">0</P>
  <P Name="NumTestPointedSignals">0</P>
  <P Name="NumProvidedFunctions">0</P>
  <P Name="NumRequiredFunctions">0</P>
  <P Name="NumResetEvents">0</P>
  <P Name="HasInitializeEvent">0</P>
  <P Name="HasTerminateEvent">0</P>
  <P Name="NumDataStoreReferences">0</P>
  <P Name="PreCompExecutionDomainType">Unset</P>
  <P Name="UseModelRefSolver">0</P>
  <P Name="SolverName">VariableStepAuto</P>
  <P Name="IsExportFunctionModel">0</P>
  <P Name="SimulinkSubDomainType">Simulink</P>
  <P Name="NumParameterArguments">0</P>
  <P Name="NumExternalFileReferences">1</P>
  <ExternalFileReference>
    <P Name="Reference">slpidlib/PID Controller</P>
    <P Name="Path">$bdroot/Discrete PID Controller</P>
    <P Name="SID">7</P>
    <P Name="Type">LIBRARY_BLOCK</P>
  </ExternalFileReference>
  <P Name="OrderedModelArguments">1</P>
</GraphicalInterface>
