<?xml version="1.0" encoding="UTF-8"?>
<sltp_graph version="1.1" packageUris="http://schema.mathworks.com/mf0/sltp_mm/R2023a_202209151115">
  <sltp.mm.core.Context type="sltp.mm.core.Context" uuid="9163d92d-0590-41fc-b13d-3bf36253804b">
    <globalData type="sltp.mm.core.GlobalData" uuid="88d8073a-1069-46fe-8f8e-c8baf52b526d">
      <dataName>portOutport</dataName>
      <type>RootOutport</type>
    </globalData>
    <globalData type="sltp.mm.core.GlobalData" uuid="94eab8c1-2153-4641-9062-ed143de7879f">
      <dataName>portOutport1</dataName>
      <type>RootOutport</type>
    </globalData>
    <globalData type="sltp.mm.core.GlobalData" uuid="f706d88a-fedf-4660-81aa-d1e0cea26e44">
      <dataName>portOutport2</dataName>
      <type>RootOutport</type>
    </globalData>
    <globalData type="sltp.mm.core.GlobalData" uuid="a86713de-97e0-4b43-8b83-04ca2a86478b">
      <dataName>portOutport3</dataName>
      <type>RootOutport</type>
    </globalData>
    <globalData type="sltp.mm.core.GlobalData" uuid="f3d04080-7945-4828-bc44-6be26d88cd0d">
      <dataName>portOutport4</dataName>
      <type>RootOutport</type>
    </globalData>
    <globalData type="sltp.mm.core.GlobalData" uuid="4c04baf4-73e5-4633-916c-e4eb63a16b21">
      <dataName>portOutport5</dataName>
      <type>RootOutport</type>
    </globalData>
    <globalData type="sltp.mm.core.GlobalData" uuid="4b862913-b37a-4f75-a96e-ddd977da643f">
      <dataName>portOutport6</dataName>
      <type>RootOutport</type>
    </globalData>
    <globalData type="sltp.mm.core.GlobalData" uuid="1a45ca80-8f79-45cd-a440-8cc9ff390f0d">
      <dataName>portOutput</dataName>
      <type>RootOutport</type>
    </globalData>
    <priorityDirection>HighNumberLast</priorityDirection>
    <defaultEventBehavior type="sltp.mm.core.EventBehavior" uuid="20acfb17-c6b5-4a78-9c36-261814a06c6d"/>
    <editorState type="sltp.mm.core.EditorState" uuid="ef1cfea2-484a-420d-ae76-3d2ab30b0402">
      <isSynchronized>true</isSynchronized>
      <panelState type="sltp.mm.core.EditorPanelState" uuid="0bb34eb9-3f07-403c-a299-ffd7020be893"/>
    </editorState>
    <rootTask type="sltp.mm.core.Task" uuid="59365742-cebd-49a8-88f4-2a1a60c73799">
      <context type="sltp.mm.core.Context" uuid="9163d92d-0590-41fc-b13d-3bf36253804b"/>
      <explicit>false</explicit>
      <name>Default</name>
      <priority>-2147483648</priority>
      <subgraph type="sltp.mm.core.Graph" uuid="8211f6f3-6456-4fdd-9fdd-6db8c05fb759">
        <tasks type="sltp.mm.core.Task" uuid="8f3e29f4-05be-4103-9f4f-c239759fa48a">
          <baseTask>true</baseTask>
          <context type="sltp.mm.core.Context" uuid="9163d92d-0590-41fc-b13d-3bf36253804b"/>
          <explicit>false</explicit>
          <id>1</id>
          <isTimed>true</isTimed>
          <name>Cont</name>
          <priority>40</priority>
          <rates type="sltp.mm.core.Rate" uuid="943752bc-539a-4c9f-bdfa-88cd2b3946d6">
            <annotation>Cont</annotation>
            <color>255</color>
            <hasBlocks>true</hasBlocks>
            <identifier>Continuous00</identifier>
            <rateIndex>0</rateIndex>
            <rateSpec type="sltp.mm.core.RateSpec">
              <period>0.0</period>
            </rateSpec>
            <sti>0</sti>
          </rates>
          <rates type="sltp.mm.core.Rate" uuid="779a0781-26ab-4f35-be46-bde32e673782">
            <annotation>FiM</annotation>
            <color>2105376255</color>
            <rateIndex>1</rateIndex>
            <rateSpec type="sltp.mm.core.RateSpec">
              <offset>1.0</offset>
              <period>0.0</period>
            </rateSpec>
            <sti>1</sti>
          </rates>
          <rates type="sltp.mm.core.Rate" uuid="83b0ece5-31a2-402a-ba11-6d9f0cb36095">
            <annotation>D1</annotation>
            <color>-12240129</color>
            <hasBlocks>true</hasBlocks>
            <rateIndex>2</rateIndex>
            <rateSpec type="sltp.mm.core.RateSpec">
              <period>.005</period>
            </rateSpec>
            <sti>2</sti>
          </rates>
          <rates type="sltp.mm.core.Rate" uuid="a5cbdcf3-230a-457b-befd-1bc21ff80fc3">
            <annotation>CV1</annotation>
            <color>2105376255</color>
            <hasBlocks>true</hasBlocks>
            <rateIndex>3</rateIndex>
            <rateSpec type="sltp.mm.core.RateSpec">
              <period>-2.0</period>
            </rateSpec>
            <sti>3</sti>
          </rates>
        </tasks>
      </subgraph>
    </rootTask>
  </sltp.mm.core.Context>
</sltp_graph>