<?xml version="1.0" encoding="UTF-8"?>
<sltp_editor version="1.1" packageUris="http://schema.mathworks.com/mf0/DiagramEditor/R2019a_20181107 http://schema.mathworks.com/mf0/SltpSyntax/R2023b_202303220000">
  <sltp.mm.syntax.Context type="sltp.mm.syntax.Context" uuid="20dc8e00-e5db-4ba2-930d-fb200eb49fdc">
    <globalData type="sltp.mm.syntax.GlobalData" uuid="c68dedb8-4d2b-40c6-b97f-6fe3dd9b70f4">
      <dataName>portOutport</dataName>
      <type>RootOutport</type>
    </globalData>
    <globalData type="sltp.mm.syntax.GlobalData" uuid="efc00180-11d4-4c74-90a0-9df8bab6fd97">
      <dataName>portOutport1</dataName>
      <type>RootOutport</type>
    </globalData>
    <globalData type="sltp.mm.syntax.GlobalData" uuid="cc2201b4-0aaf-47d4-b4bf-30a53a77a9fa">
      <dataName>portOutport2</dataName>
      <type>RootOutport</type>
    </globalData>
    <globalData type="sltp.mm.syntax.GlobalData" uuid="2f584088-989a-443f-b64d-50e3701f1e38">
      <dataName>portOutport3</dataName>
      <type>RootOutport</type>
    </globalData>
    <globalData type="sltp.mm.syntax.GlobalData" uuid="ef3241d6-9580-4f6a-b0ab-e0db2bf707fa">
      <dataName>portOutport4</dataName>
      <type>RootOutport</type>
    </globalData>
    <globalData type="sltp.mm.syntax.GlobalData" uuid="8e281596-b877-4be1-b32b-acb52aae34ec">
      <dataName>portOutport5</dataName>
      <type>RootOutport</type>
    </globalData>
    <globalData type="sltp.mm.syntax.GlobalData" uuid="65e79e91-421f-4dd4-a4e1-e3f4e034c0e7">
      <dataName>portOutport6</dataName>
      <type>RootOutport</type>
    </globalData>
    <globalData type="sltp.mm.syntax.GlobalData" uuid="e50c81d6-bbe5-4fa4-8b8a-027fc53ad6a4">
      <dataName>portOutput</dataName>
      <type>RootOutport</type>
    </globalData>
    <rootGraph type="sltp.mm.syntax.Graph" uuid="84c33d9c-247d-48a2-b7cd-264b26e58866">
      <children type="sltp.mm.syntax.Node" uuid="4e4f142d-0d55-4afd-85fa-071e3726ce51">
        <priority>40</priority>
        <rates type="sltp.mm.syntax.RateData">
          <color>#000000</color>
          <hasBlocks>true</hasBlocks>
          <rate>0</rate>
          <title>Cont</title>
        </rates>
        <rates type="sltp.mm.syntax.RateData">
          <color>#7d7d7d</color>
          <rate>[0, 1]</rate>
          <title>FiM</title>
        </rates>
        <rates type="sltp.mm.syntax.RateData">
          <color>#ff453a</color>
          <hasBlocks>true</hasBlocks>
          <rate>0.005</rate>
          <title>D1</title>
        </rates>
        <rates type="sltp.mm.syntax.RateData">
          <color>#7d7d7d</color>
          <hasBlocks>true</hasBlocks>
          <rate>-2</rate>
          <title>CV1</title>
        </rates>
        <title>Cont</title>
        <type>base</type>
        <diagramElement type="diagram.editor.model.Entity" uuid="ef3a704e-fd4f-4f56-a8fe-3cfbb5fd3652"/>
        <subgraph type="sltp.mm.syntax.Graph" uuid="54aa9919-ed30-4dcc-b993-3c59afa5cd8e">
          <title>Cont</title>
          <diagramElement type="diagram.editor.model.Diagram" uuid="b63f52f3-82f5-4567-84b1-3be15af2253d"/>
        </subgraph>
      </children>
      <title>Default</title>
      <diagramElement type="diagram.editor.model.Diagram" uuid="7cbaad6a-f060-49fb-a3cb-a251878007c0"/>
    </rootGraph>
  </sltp.mm.syntax.Context>
  <diagram.editor.model.Diagram type="diagram.editor.model.Diagram" uuid="7cbaad6a-f060-49fb-a3cb-a251878007c0">
    <entities type="diagram.editor.model.Entity" uuid="ef3a704e-fd4f-4f56-a8fe-3cfbb5fd3652">
      <position>0,0</position>
      <size>0,0,0,0</size>
      <syntaxElement type="sltp.mm.syntax.Node" uuid="4e4f142d-0d55-4afd-85fa-071e3726ce51"/>
      <title>Cont</title>
      <type>base</type>
      <subDiagram type="diagram.editor.model.Diagram" uuid="b63f52f3-82f5-4567-84b1-3be15af2253d">
        <position>0,0</position>
        <syntaxElement type="sltp.mm.syntax.Graph" uuid="54aa9919-ed30-4dcc-b993-3c59afa5cd8e"/>
        <title>Cont</title>
        <type>graph.Graph</type>
      </subDiagram>
    </entities>
    <syntaxElement type="sltp.mm.syntax.Graph" uuid="84c33d9c-247d-48a2-b7cd-264b26e58866"/>
    <title>Default</title>
    <type>graph.Graph</type>
  </diagram.editor.model.Diagram>
</sltp_editor>