<?xml version="1.0" encoding="utf-8"?>
<System>
  <P Name="Location">[-1, -7, 1504, 956]</P>
  <P Name="ZoomFactor">175</P>
  <P Name="ReportName">simulink-default.rpt</P>
  <P Name="SIDHighWatermark">53</P>
  <Block BlockType="Constant" Name="Constant" SID="3">
    <P Name="Position">[450, 205, 480, 235]</P>
    <P Name="ZOrder">2</P>
    <P Name="Value">ref</P>
    <P Name="VectorParams1D">off</P>
  </Block>
  <Block BlockType="Constant" Name="Constant1" SID="25">
    <P Name="Position">[430, 355, 460, 385]</P>
    <P Name="ZOrder">188</P>
    <P Name="Value">m*g</P>
  </Block>
  <Block BlockType="Constant" Name="Constant2" SID="51">
    <P Name="Position">[505, 375, 535, 405]</P>
    <P Name="ZOrder">291</P>
    <P Name="Value">m*g*(1-bws)</P>
  </Block>
  <Block BlockType="Constant" Name="Constant3" SID="53">
    <P Name="Position">[565, 285, 595, 315]</P>
    <P Name="ZOrder">293</P>
    <P Name="Value">m*g*bws*r</P>
  </Block>
  <Block BlockType="Demux" Name="Demux" SID="12">
    <PortCounts in="1" out="4"/>
    <P Name="Position">[810, 251, 815, 339]</P>
    <P Name="ZOrder">11</P>
  </Block>
  <Block BlockType="Derivative" Name="Derivative" SID="32">
    <P Name="Position">[1000, 285, 1030, 315]</P>
    <P Name="ZOrder">195</P>
  </Block>
  <Block BlockType="Gain" Name="Gain" SID="10">
    <P Name="Position">[555, 235, 585, 265]</P>
    <P Name="ZOrder">9</P>
    <P Name="Gain">K</P>
    <P Name="Multiplication">Matrix(K*u)</P>
  </Block>
  <Block BlockType="Gain" Name="Gain1" SID="26">
    <P Name="Position">[940, 215, 970, 245]</P>
    <P Name="ZOrder">189</P>
    <P Name="Gain">1/k</P>
  </Block>
  <Block BlockType="Gain" Name="Gain2" SID="28">
    <P Name="Position">[685, 155, 715, 185]</P>
    <P Name="ZOrder">191</P>
    <P Name="Gain">1/N/km</P>
  </Block>
  <Block BlockType="Mux" Name="Mux" SID="6">
    <PortCounts in="2" out="1"/>
    <P Name="Position">[675, 276, 680, 314]</P>
    <P Name="ZOrder">5</P>
    <P Name="Inputs">2</P>
    <P Name="DisplayOption">bar</P>
  </Block>
  <Block BlockType="DiscretePulseGenerator" Name="Pulse&#xA;Generator" SID="44">
    <PortCounts out="1"/>
    <P Name="Position">[415, 304, 445, 336]</P>
    <P Name="ZOrder">289</P>
    <P Name="PulseType">Time based</P>
    <P Name="Amplitude">5</P>
    <P Name="Period">10</P>
    <P Name="PulseWidth">30</P>
  </Block>
  <Block BlockType="Saturate" Name="Saturation" SID="11">
    <P Name="Position">[605, 155, 635, 185]</P>
    <P Name="ZOrder">10</P>
    <P Name="UpperLimit">Tmax</P>
    <P Name="LowerLimit">-Tmax</P>
  </Block>
  <Block BlockType="Scope" Name="Scope" SID="13">
    <PortCounts in="1"/>
    <P Name="Position">[895, 159, 925, 191]</P>
    <P Name="ZOrder">12</P>
    <P Name="ScopeSpecificationString">Simulink.scopes.TimeScopeBlockCfg(&apos;CurrentConfiguration&apos;, extmgr.ConfigurationSet(extmgr.Configuration(&apos;Core&apos;,&apos;General UI&apos;,true),extmgr.Configuration(&apos;Core&apos;,&apos;Source UI&apos;,true),extmgr.Configuration(&apos;Sources&apos;,&apos;WiredSimulink&apos;,true),extmgr.Configuration(&apos;Visuals&apos;,&apos;Time Domain&apos;,true,&apos;SerializedDisplays&apos;,{struct(&apos;MinYLimReal&apos;,&apos;-14.49796&apos;,&apos;MaxYLimReal&apos;,&apos;9.18961&apos;,&apos;YLabelReal&apos;,&apos;&apos;,&apos;MinYLimMag&apos;,&apos;0.00000&apos;,&apos;MaxYLimMag&apos;,&apos;14.49796&apos;,&apos;LegendVisibility&apos;,&apos;off&apos;,&apos;XGrid&apos;,true,&apos;YGrid&apos;,true,&apos;PlotMagPhase&apos;,false,&apos;AxesColor&apos;,[0 0 0],&apos;AxesTickColor&apos;,[0.686274509803922 0.686274509803922 0.686274509803922],&apos;ColorOrder&apos;,[1 1 0.0666666666666667;0.0745098039215686 0.623529411764706 1;1 0.411764705882353 0.16078431372549;0.392156862745098 0.831372549019608 0.0745098039215686;0.717647058823529 0.274509803921569 1;0.0588235294117647 1 1;1 0.0745098039215686 0.650980392156863],&apos;Title&apos;,&apos;%&lt;SignalLabel&gt;&apos;,&apos;LinePropertiesCache&apos;,{{}},&apos;UserDefinedChannelNames&apos;,{{}},&apos;NumLines&apos;,1,&apos;LineNames&apos;,{{&apos;Demux/1&apos;}},&apos;ShowContent&apos;,true,&apos;Placement&apos;,1)},&apos;DisplayPropertyDefaults&apos;,struct(&apos;MinYLimReal&apos;,&apos;-14.49796&apos;,&apos;MaxYLimReal&apos;,&apos;9.18961&apos;,&apos;YLabelReal&apos;,&apos;&apos;,&apos;MinYLimMag&apos;,&apos;0.00000&apos;,&apos;MaxYLimMag&apos;,&apos;14.49796&apos;,&apos;LegendVisibility&apos;,&apos;off&apos;,&apos;XGrid&apos;,true,&apos;YGrid&apos;,true,&apos;PlotMagPhase&apos;,false,&apos;AxesColor&apos;,[0 0 0],&apos;AxesTickColor&apos;,[0.686274509803922 0.686274509803922 0.686274509803922],&apos;ColorOrder&apos;,[0.0745098039215686 0.623529411764706 1;1 0.411764705882353 0.16078431372549;1 1 0.0666666666666667;0.717647058823529 0.274509803921569 1;0.392156862745098 0.831372549019608 0.0745098039215686;0.0588235294117647 1 1;1 0.0745098039215686 0.650980392156863])),extmgr.Configuration(&apos;Tools&apos;,&apos;Plot Navigation&apos;,true),extmgr.Configuration(&apos;Tools&apos;,&apos;Measurements&apos;,true,&apos;Version&apos;,&apos;2023b&apos;)),&apos;Version&apos;,&apos;2023b&apos;,&apos;Position&apos;,[472 291 560 420])</P>
    <P Name="NumInputPorts">1</P>
    <P Name="Floating">off</P>
  </Block>
  <Block BlockType="Scope" Name="Scope1" SID="14">
    <PortCounts in="1"/>
    <P Name="Position">[1050, 239, 1080, 271]</P>
    <P Name="ZOrder">13</P>
    <P Name="ScopeSpecificationString">Simulink.scopes.TimeScopeBlockCfg(&apos;CurrentConfiguration&apos;, extmgr.ConfigurationSet(extmgr.Configuration(&apos;Core&apos;,&apos;General UI&apos;,true),extmgr.Configuration(&apos;Core&apos;,&apos;Source UI&apos;,true),extmgr.Configuration(&apos;Sources&apos;,&apos;WiredSimulink&apos;,true,&apos;DataLoggingVariableName&apos;,&apos;ScopeData1&apos;),extmgr.Configuration(&apos;Visuals&apos;,&apos;Time Domain&apos;,true,&apos;SerializedDisplays&apos;,{struct(&apos;MinYLimReal&apos;,&apos;-27.51446&apos;,&apos;MaxYLimReal&apos;,&apos;3.05716&apos;,&apos;YLabelReal&apos;,&apos;&apos;,&apos;MinYLimMag&apos;,&apos;0.00000&apos;,&apos;MaxYLimMag&apos;,&apos;27.51446&apos;,&apos;LegendVisibility&apos;,&apos;off&apos;,&apos;XGrid&apos;,true,&apos;YGrid&apos;,true,&apos;PlotMagPhase&apos;,false,&apos;AxesColor&apos;,[0 0 0],&apos;AxesTickColor&apos;,[0.686274509803922 0.686274509803922 0.686274509803922],&apos;ColorOrder&apos;,[1 1 0.0666666666666667;0.0745098039215686 0.623529411764706 1;1 0.411764705882353 0.16078431372549;0.392156862745098 0.831372549019608 0.0745098039215686;0.717647058823529 0.274509803921569 1;0.0588235294117647 1 1;1 0.0745098039215686 0.650980392156863],&apos;Title&apos;,&apos;%&lt;SignalLabel&gt;&apos;,&apos;LinePropertiesCache&apos;,{{}},&apos;UserDefinedChannelNames&apos;,{{}},&apos;NumLines&apos;,1,&apos;LineNames&apos;,{{&apos;Demux/2&apos;}},&apos;ShowContent&apos;,true,&apos;Placement&apos;,1)},&apos;DisplayPropertyDefaults&apos;,struct(&apos;MinYLimReal&apos;,&apos;-27.51446&apos;,&apos;MaxYLimReal&apos;,&apos;3.05716&apos;,&apos;YLabelReal&apos;,&apos;&apos;,&apos;MinYLimMag&apos;,&apos;0.00000&apos;,&apos;MaxYLimMag&apos;,&apos;27.51446&apos;,&apos;LegendVisibility&apos;,&apos;off&apos;,&apos;XGrid&apos;,true,&apos;YGrid&apos;,true,&apos;PlotMagPhase&apos;,false,&apos;AxesColor&apos;,[0 0 0],&apos;AxesTickColor&apos;,[0.686274509803922 0.686274509803922 0.686274509803922],&apos;ColorOrder&apos;,[0.0745098039215686 0.623529411764706 1;1 0.411764705882353 0.16078431372549;1 1 0.0666666666666667;0.717647058823529 0.274509803921569 1;0.392156862745098 0.831372549019608 0.0745098039215686;0.0588235294117647 1 1;1 0.0745098039215686 0.650980392156863])),extmgr.Configuration(&apos;Tools&apos;,&apos;Plot Navigation&apos;,true),extmgr.Configuration(&apos;Tools&apos;,&apos;Measurements&apos;,true,&apos;Version&apos;,&apos;2023b&apos;)),&apos;Version&apos;,&apos;2023b&apos;,&apos;Position&apos;,[472 291 560 420])</P>
    <P Name="NumInputPorts">1</P>
    <P Name="Floating">off</P>
  </Block>
  <Block BlockType="Scope" Name="Scope2" SID="16">
    <PortCounts in="1"/>
    <P Name="Position">[880, 289, 910, 321]</P>
    <P Name="ZOrder">179</P>
    <P Name="ScopeSpecificationString">Simulink.scopes.TimeScopeBlockCfg(&apos;CurrentConfiguration&apos;, extmgr.ConfigurationSet(extmgr.Configuration(&apos;Core&apos;,&apos;General UI&apos;,true),extmgr.Configuration(&apos;Core&apos;,&apos;Source UI&apos;,true),extmgr.Configuration(&apos;Sources&apos;,&apos;WiredSimulink&apos;,true,&apos;DataLoggingVariableName&apos;,&apos;ScopeData2&apos;),extmgr.Configuration(&apos;Visuals&apos;,&apos;Time Domain&apos;,true,&apos;SerializedDisplays&apos;,{struct(&apos;MinYLimReal&apos;,&apos;-0.07467&apos;,&apos;MaxYLimReal&apos;,&apos;0.5606&apos;,&apos;YLabelReal&apos;,&apos;&apos;,&apos;MinYLimMag&apos;,&apos;0.00000&apos;,&apos;MaxYLimMag&apos;,&apos;0.5606&apos;,&apos;LegendVisibility&apos;,&apos;off&apos;,&apos;XGrid&apos;,true,&apos;YGrid&apos;,true,&apos;PlotMagPhase&apos;,false,&apos;AxesColor&apos;,[0 0 0],&apos;AxesTickColor&apos;,[0.686274509803922 0.686274509803922 0.686274509803922],&apos;ColorOrder&apos;,[1 1 0.0666666666666667;0.0745098039215686 0.623529411764706 1;1 0.411764705882353 0.16078431372549;0.392156862745098 0.831372549019608 0.0745098039215686;0.717647058823529 0.274509803921569 1;0.0588235294117647 1 1;1 0.0745098039215686 0.650980392156863],&apos;Title&apos;,&apos;%&lt;SignalLabel&gt;&apos;,&apos;LinePropertiesCache&apos;,{{}},&apos;UserDefinedChannelNames&apos;,{{}},&apos;NumLines&apos;,1,&apos;LineNames&apos;,{{&apos;Demux/3&apos;}},&apos;ShowContent&apos;,true,&apos;Placement&apos;,1)},&apos;DisplayPropertyDefaults&apos;,struct(&apos;MinYLimReal&apos;,&apos;-0.07467&apos;,&apos;MaxYLimReal&apos;,&apos;0.5606&apos;,&apos;YLabelReal&apos;,&apos;&apos;,&apos;MinYLimMag&apos;,&apos;0.00000&apos;,&apos;MaxYLimMag&apos;,&apos;0.5606&apos;,&apos;LegendVisibility&apos;,&apos;off&apos;,&apos;XGrid&apos;,true,&apos;YGrid&apos;,true,&apos;PlotMagPhase&apos;,false,&apos;AxesColor&apos;,[0 0 0],&apos;AxesTickColor&apos;,[0.686274509803922 0.686274509803922 0.686274509803922],&apos;ColorOrder&apos;,[0.0745098039215686 0.623529411764706 1;1 0.411764705882353 0.16078431372549;1 1 0.0666666666666667;0.717647058823529 0.274509803921569 1;0.392156862745098 0.831372549019608 0.0745098039215686;0.0588235294117647 1 1;1 0.0745098039215686 0.650980392156863])),extmgr.Configuration(&apos;Tools&apos;,&apos;Plot Navigation&apos;,true),extmgr.Configuration(&apos;Tools&apos;,&apos;Measurements&apos;,true,&apos;Version&apos;,&apos;2023b&apos;)),&apos;Version&apos;,&apos;2023b&apos;,&apos;Position&apos;,[472 291 560 420])</P>
    <P Name="NumInputPorts">1</P>
    <P Name="Floating">off</P>
  </Block>
  <Block BlockType="Scope" Name="Scope3" SID="17">
    <PortCounts in="1"/>
    <P Name="Position">[785, 374, 815, 406]</P>
    <P Name="ZOrder">180</P>
    <P Name="BlockMirror">on</P>
    <P Name="ScopeSpecificationString">Simulink.scopes.TimeScopeBlockCfg(&apos;CurrentConfiguration&apos;, extmgr.ConfigurationSet(extmgr.Configuration(&apos;Core&apos;,&apos;General UI&apos;,true),extmgr.Configuration(&apos;Core&apos;,&apos;Source UI&apos;,true),extmgr.Configuration(&apos;Sources&apos;,&apos;WiredSimulink&apos;,true,&apos;DataLoggingVariableName&apos;,&apos;ScopeData3&apos;),extmgr.Configuration(&apos;Visuals&apos;,&apos;Time Domain&apos;,true,&apos;SerializedDisplays&apos;,{struct(&apos;MinYLimReal&apos;,&apos;-0.01505&apos;,&apos;MaxYLimReal&apos;,&apos;0.13546&apos;,&apos;YLabelReal&apos;,&apos;&apos;,&apos;MinYLimMag&apos;,&apos;0.00000&apos;,&apos;MaxYLimMag&apos;,&apos;0.13546&apos;,&apos;LegendVisibility&apos;,&apos;off&apos;,&apos;XGrid&apos;,true,&apos;YGrid&apos;,true,&apos;PlotMagPhase&apos;,false,&apos;AxesColor&apos;,[0 0 0],&apos;AxesTickColor&apos;,[0.686274509803922 0.686274509803922 0.686274509803922],&apos;ColorOrder&apos;,[1 1 0.0666666666666667;0.0745098039215686 0.623529411764706 1;1 0.411764705882353 0.16078431372549;0.392156862745098 0.831372549019608 0.0745098039215686;0.717647058823529 0.274509803921569 1;0.0588235294117647 1 1;1 0.0745098039215686 0.650980392156863],&apos;Title&apos;,&apos;%&lt;SignalLabel&gt;&apos;,&apos;LinePropertiesCache&apos;,{{}},&apos;UserDefinedChannelNames&apos;,{{}},&apos;NumLines&apos;,1,&apos;LineNames&apos;,{{&apos;Demux/4&apos;}},&apos;ShowContent&apos;,true,&apos;Placement&apos;,1)},&apos;DisplayPropertyDefaults&apos;,struct(&apos;MinYLimReal&apos;,&apos;-0.01505&apos;,&apos;MaxYLimReal&apos;,&apos;0.13546&apos;,&apos;YLabelReal&apos;,&apos;&apos;,&apos;MinYLimMag&apos;,&apos;0.00000&apos;,&apos;MaxYLimMag&apos;,&apos;0.13546&apos;,&apos;LegendVisibility&apos;,&apos;off&apos;,&apos;XGrid&apos;,true,&apos;YGrid&apos;,true,&apos;PlotMagPhase&apos;,false,&apos;AxesColor&apos;,[0 0 0],&apos;AxesTickColor&apos;,[0.686274509803922 0.686274509803922 0.686274509803922],&apos;ColorOrder&apos;,[0.0745098039215686 0.623529411764706 1;1 0.411764705882353 0.16078431372549;1 1 0.0666666666666667;0.717647058823529 0.274509803921569 1;0.392156862745098 0.831372549019608 0.0745098039215686;0.0588235294117647 1 1;1 0.0745098039215686 0.650980392156863])),extmgr.Configuration(&apos;Tools&apos;,&apos;Plot Navigation&apos;,true),extmgr.Configuration(&apos;Tools&apos;,&apos;Measurements&apos;,true,&apos;Version&apos;,&apos;2023b&apos;)),&apos;Version&apos;,&apos;2023b&apos;,&apos;Position&apos;,[472 291 560 420])</P>
    <P Name="NumInputPorts">1</P>
    <P Name="Floating">off</P>
  </Block>
  <Block BlockType="Scope" Name="Scope4" SID="21">
    <PortCounts in="1"/>
    <P Name="Position">[620, 329, 650, 361]</P>
    <P Name="ZOrder">184</P>
    <P Name="ScopeSpecificationString">Simulink.scopes.TimeScopeBlockCfg(&apos;CurrentConfiguration&apos;, extmgr.ConfigurationSet(extmgr.Configuration(&apos;Core&apos;,&apos;General UI&apos;,true),extmgr.Configuration(&apos;Core&apos;,&apos;Source UI&apos;,true),extmgr.Configuration(&apos;Sources&apos;,&apos;WiredSimulink&apos;,true,&apos;DataLoggingVariableName&apos;,&apos;ScopeData4&apos;),extmgr.Configuration(&apos;Visuals&apos;,&apos;Time Domain&apos;,true,&apos;SerializedDisplays&apos;,{struct(&apos;MinYLimReal&apos;,&apos;-5.96104&apos;,&apos;MaxYLimReal&apos;,&apos;-5.21077&apos;,&apos;YLabelReal&apos;,&apos;&apos;,&apos;MinYLimMag&apos;,&apos;0.00000&apos;,&apos;MaxYLimMag&apos;,&apos;5.96104&apos;,&apos;LegendVisibility&apos;,&apos;off&apos;,&apos;XGrid&apos;,true,&apos;YGrid&apos;,true,&apos;PlotMagPhase&apos;,false,&apos;AxesColor&apos;,[0 0 0],&apos;AxesTickColor&apos;,[0.686274509803922 0.686274509803922 0.686274509803922],&apos;ColorOrder&apos;,[1 1 0.0666666666666667;0.0745098039215686 0.623529411764706 1;1 0.411764705882353 0.16078431372549;0.392156862745098 0.831372549019608 0.0745098039215686;0.717647058823529 0.274509803921569 1;0.0588235294117647 1 1;1 0.0745098039215686 0.650980392156863],&apos;Title&apos;,&apos;%&lt;SignalLabel&gt;&apos;,&apos;LinePropertiesCache&apos;,{{struct(&apos;Marker&apos;,&apos;o&apos;,&apos;MarkerSize&apos;,8)}},&apos;UserDefinedChannelNames&apos;,{{}},&apos;NumLines&apos;,1,&apos;LineNames&apos;,{{&apos;Sum1&apos;}},&apos;ShowContent&apos;,true,&apos;Placement&apos;,1)},&apos;DisplayPropertyDefaults&apos;,struct(&apos;MinYLimReal&apos;,&apos;-5.96104&apos;,&apos;MaxYLimReal&apos;,&apos;-5.21077&apos;,&apos;YLabelReal&apos;,&apos;&apos;,&apos;MinYLimMag&apos;,&apos;0.00000&apos;,&apos;MaxYLimMag&apos;,&apos;5.96104&apos;,&apos;LegendVisibility&apos;,&apos;off&apos;,&apos;XGrid&apos;,true,&apos;YGrid&apos;,true,&apos;PlotMagPhase&apos;,false,&apos;AxesColor&apos;,[0 0 0],&apos;AxesTickColor&apos;,[0.686274509803922 0.686274509803922 0.686274509803922],&apos;ColorOrder&apos;,[0.0745098039215686 0.623529411764706 1;1 0.411764705882353 0.16078431372549;1 1 0.0666666666666667;0.717647058823529 0.274509803921569 1;0.392156862745098 0.831372549019608 0.0745098039215686;0.0588235294117647 1 1;1 0.0745098039215686 0.650980392156863])),extmgr.Configuration(&apos;Tools&apos;,&apos;Plot Navigation&apos;,true),extmgr.Configuration(&apos;Tools&apos;,&apos;Measurements&apos;,true,&apos;Version&apos;,&apos;2023b&apos;)),&apos;Version&apos;,&apos;2023b&apos;,&apos;Position&apos;,[835 227.666666666667 660 612])</P>
    <P Name="NumInputPorts">1</P>
    <P Name="Floating">off</P>
  </Block>
  <Block BlockType="Scope" Name="Scope5" SID="27">
    <PortCounts in="1"/>
    <P Name="Position">[985, 189, 1015, 221]</P>
    <P Name="ZOrder">190</P>
    <P Name="ScopeSpecificationString">Simulink.scopes.TimeScopeBlockCfg(&apos;CurrentConfiguration&apos;, extmgr.ConfigurationSet(extmgr.Configuration(&apos;Core&apos;,&apos;General UI&apos;,true),extmgr.Configuration(&apos;Core&apos;,&apos;Source UI&apos;,true),extmgr.Configuration(&apos;Sources&apos;,&apos;WiredSimulink&apos;,true,&apos;DataLoggingVariableName&apos;,&apos;ScopeData1&apos;),extmgr.Configuration(&apos;Visuals&apos;,&apos;Time Domain&apos;,true,&apos;SerializedDisplays&apos;,{struct(&apos;MinYLimReal&apos;,&apos;-0.03821&apos;,&apos;MaxYLimReal&apos;,&apos;0.00425&apos;,&apos;YLabelReal&apos;,&apos;&apos;,&apos;MinYLimMag&apos;,&apos;0.00000&apos;,&apos;MaxYLimMag&apos;,&apos;0.03821&apos;,&apos;LegendVisibility&apos;,&apos;off&apos;,&apos;XGrid&apos;,true,&apos;YGrid&apos;,true,&apos;PlotMagPhase&apos;,false,&apos;AxesColor&apos;,[0 0 0],&apos;AxesTickColor&apos;,[0.686274509803922 0.686274509803922 0.686274509803922],&apos;ColorOrder&apos;,[1 1 0.0666666666666667;0.0745098039215686 0.623529411764706 1;1 0.411764705882353 0.16078431372549;0.392156862745098 0.831372549019608 0.0745098039215686;0.717647058823529 0.274509803921569 1;0.0588235294117647 1 1;1 0.0745098039215686 0.650980392156863],&apos;Title&apos;,&apos;%&lt;SignalLabel&gt;&apos;,&apos;LinePropertiesCache&apos;,{{}},&apos;UserDefinedChannelNames&apos;,{{}},&apos;NumLines&apos;,1,&apos;LineNames&apos;,{{&apos;Gain1&apos;}},&apos;ShowContent&apos;,true,&apos;Placement&apos;,1)},&apos;DisplayPropertyDefaults&apos;,struct(&apos;MinYLimReal&apos;,&apos;-0.03821&apos;,&apos;MaxYLimReal&apos;,&apos;0.00425&apos;,&apos;YLabelReal&apos;,&apos;&apos;,&apos;MinYLimMag&apos;,&apos;0.00000&apos;,&apos;MaxYLimMag&apos;,&apos;0.03821&apos;,&apos;LegendVisibility&apos;,&apos;off&apos;,&apos;XGrid&apos;,true,&apos;YGrid&apos;,true,&apos;PlotMagPhase&apos;,false,&apos;AxesColor&apos;,[0 0 0],&apos;AxesTickColor&apos;,[0.686274509803922 0.686274509803922 0.686274509803922],&apos;ColorOrder&apos;,[0.0745098039215686 0.623529411764706 1;1 0.411764705882353 0.16078431372549;1 1 0.0666666666666667;0.717647058823529 0.274509803921569 1;0.392156862745098 0.831372549019608 0.0745098039215686;0.0588235294117647 1 1;1 0.0745098039215686 0.650980392156863])),extmgr.Configuration(&apos;Tools&apos;,&apos;Plot Navigation&apos;,true),extmgr.Configuration(&apos;Tools&apos;,&apos;Measurements&apos;,true,&apos;Version&apos;,&apos;2023b&apos;)),&apos;Version&apos;,&apos;2023b&apos;,&apos;Position&apos;,[472 291 560 420])</P>
    <P Name="NumInputPorts">1</P>
    <P Name="Floating">off</P>
  </Block>
  <Block BlockType="StateSpace" Name="State-Space" SID="1">
    <PortCounts in="1" out="1"/>
    <P Name="Position">[705, 278, 765, 312]</P>
    <P Name="ZOrder">1</P>
    <P Name="A">A</P>
    <P Name="B">B</P>
    <P Name="C">C</P>
    <P Name="D">D</P>
    <P Name="InitialCondition">x0</P>
    <P Name="ParameterTunability">Unconstrained</P>
  </Block>
  <Block BlockType="Sum" Name="Sum" SID="9">
    <PortCounts in="2" out="1"/>
    <P Name="Position">[505, 235, 535, 265]</P>
    <P Name="ZOrder">8</P>
    <P Name="Inputs">-+|</P>
  </Block>
  <Block BlockType="Sum" Name="Sum1" SID="23">
    <PortCounts in="3" out="1"/>
    <P Name="Position">[540, 310, 570, 340]</P>
    <P Name="ZOrder">186</P>
    <P Name="Inputs">|+|-|+</P>
  </Block>
  <Block BlockType="Sum" Name="Sum2" SID="52">
    <PortCounts in="2" out="1"/>
    <P Name="Position">[605, 240, 625, 260]</P>
    <P Name="ZOrder">292</P>
    <P Name="Inputs">|++</P>
  </Block>
  <Block BlockType="TransferFcn" Name="Transfer Fcn" SID="45">
    <P Name="Position">[455, 302, 515, 338]</P>
    <P Name="ZOrder">290</P>
    <P Name="Denominator">[1 5]</P>
  </Block>
  <Block BlockType="Outport" Name="Output" SID="35">
    <P Name="Position">[880, 198, 910, 212]</P>
    <P Name="ZOrder">198</P>
  </Block>
  <Block BlockType="Outport" Name="Output1" SID="36">
    <P Name="Position">[940, 298, 970, 312]</P>
    <P Name="ZOrder">199</P>
    <P Name="Port">2</P>
  </Block>
  <Block BlockType="Outport" Name="Output2" SID="37">
    <P Name="Position">[850, 313, 880, 327]</P>
    <P Name="ZOrder">200</P>
    <P Name="Port">3</P>
  </Block>
  <Block BlockType="Outport" Name="Output3" SID="38">
    <P Name="Position">[865, 383, 895, 397]</P>
    <P Name="ZOrder">201</P>
    <P Name="Port">4</P>
  </Block>
  <Block BlockType="Outport" Name="Output4" SID="39">
    <P Name="Position">[735, 243, 765, 257]</P>
    <P Name="ZOrder">202</P>
    <P Name="Port">5</P>
  </Block>
  <Block BlockType="Outport" Name="Output5" SID="40">
    <P Name="Position">[555, 268, 585, 282]</P>
    <P Name="ZOrder">203</P>
    <P Name="Port">6</P>
  </Block>
  <Line>
    <P Name="ZOrder">14</P>
    <P Name="Src">1#out:1</P>
    <P Name="Points">[7, 0]</P>
    <Branch>
      <P Name="ZOrder">36</P>
      <P Name="Points">[0, -84; -257, 0]</P>
      <P Name="Dst">9#in:1</P>
    </Branch>
    <Branch>
      <P Name="ZOrder">35</P>
      <P Name="Dst">12#in:1</P>
    </Branch>
  </Line>
  <Line>
    <P Name="ZOrder">59</P>
    <P Name="Src">6#out:1</P>
    <P Name="Dst">1#in:1</P>
  </Line>
  <Line>
    <P Name="ZOrder">20</P>
    <P Name="Src">12#out:2</P>
    <P Name="Points">[97, 0]</P>
    <Branch>
      <P Name="ZOrder">151</P>
      <P Name="Points">[0, -30; 2, 0]</P>
      <Branch>
        <P Name="ZOrder">79</P>
        <P Name="Points">[0, -25]</P>
        <P Name="Dst">26#in:1</P>
      </Branch>
      <Branch>
        <P Name="ZOrder">78</P>
        <P Name="Dst">14#in:1</P>
      </Branch>
    </Branch>
    <Branch>
      <P Name="ZOrder">111</P>
      <P Name="Points">[0, 20]</P>
      <P Name="Dst">36#in:1</P>
    </Branch>
  </Line>
  <Line>
    <P Name="ZOrder">21</P>
    <P Name="Src">12#out:1</P>
    <P Name="Points">[35, 0; 0, -60]</P>
    <Branch>
      <P Name="ZOrder">108</P>
      <P Name="Dst">35#in:1</P>
    </Branch>
    <Branch>
      <P Name="ZOrder">107</P>
      <P Name="Points">[0, -30]</P>
      <P Name="Dst">13#in:1</P>
    </Branch>
  </Line>
  <Line>
    <P Name="ZOrder">22</P>
    <P Name="Src">12#out:3</P>
    <P Name="Points">[13, 0]</P>
    <Branch>
      <P Name="ZOrder">146</P>
      <P Name="Points">[28, 0]</P>
      <Branch>
        <P Name="ZOrder">250</P>
        <P Name="Points">[0, -34; 124, 0]</P>
        <P Name="Dst">32#in:1</P>
      </Branch>
      <Branch>
        <P Name="ZOrder">249</P>
        <P Name="Dst">16#in:1</P>
      </Branch>
    </Branch>
    <Branch>
      <P Name="ZOrder">145</P>
      <P Name="Points">[0, 15]</P>
      <P Name="Dst">37#in:1</P>
    </Branch>
  </Line>
  <Line>
    <P Name="ZOrder">23</P>
    <P Name="Src">12#out:4</P>
    <P Name="Points">[22, 0; 0, 65]</P>
    <Branch>
      <P Name="ZOrder">144</P>
      <P Name="Dst">38#in:1</P>
    </Branch>
    <Branch>
      <P Name="ZOrder">114</P>
      <P Name="Dst">17#in:1</P>
    </Branch>
  </Line>
  <Line>
    <P Name="ZOrder">37</P>
    <P Name="Src">9#out:1</P>
    <P Name="Dst">10#in:1</P>
  </Line>
  <Line>
    <P Name="ZOrder">72</P>
    <P Name="Src">25#out:1</P>
    <P Name="Points">[61, 0]</P>
    <P Name="Dst">23#in:2</P>
  </Line>
  <Line>
    <P Name="ZOrder">73</P>
    <P Name="Src">23#out:1</P>
    <P Name="Points">[37, 0]</P>
    <Branch>
      <P Name="ZOrder">231</P>
      <P Name="Points">[0, -20]</P>
      <P Name="Dst">6#in:2</P>
    </Branch>
    <Branch>
      <P Name="ZOrder">185</P>
      <P Name="Points">[0, 20]</P>
      <P Name="Dst">21#in:1</P>
    </Branch>
  </Line>
  <Line>
    <P Name="ZOrder">80</P>
    <P Name="Src">26#out:1</P>
    <P Name="Points">[3, 0; 0, -25]</P>
    <P Name="Dst">27#in:1</P>
  </Line>
  <Line>
    <P Name="ZOrder">156</P>
    <P Name="Src">44#out:1</P>
    <P Name="Dst">45#in:1</P>
  </Line>
  <Line>
    <P Name="ZOrder">281</P>
    <P Name="Src">45#out:1</P>
    <P Name="Points">[8, 0; 0, -32]</P>
    <Branch>
      <P Name="ZOrder">283</P>
      <P Name="Points">[0, -13]</P>
      <P Name="Dst">40#in:1</P>
    </Branch>
    <Branch>
      <P Name="ZOrder">282</P>
      <P Name="Points">[10, 0]</P>
      <P Name="Dst">23#in:1</P>
    </Branch>
  </Line>
  <Line>
    <P Name="ZOrder">204</P>
    <P Name="Src">3#out:1</P>
    <P Name="Points">[3, 0; 0, 30]</P>
    <P Name="Dst">9#in:2</P>
  </Line>
  <Line>
    <P Name="ZOrder">252</P>
    <P Name="Src">51#out:1</P>
    <P Name="Points">[15, 0]</P>
    <P Name="Dst">23#in:3</P>
  </Line>
  <Line>
    <P Name="ZOrder">276</P>
    <P Name="Src">53#out:1</P>
    <P Name="Points">[15, 0]</P>
    <P Name="Dst">52#in:2</P>
  </Line>
  <Line>
    <P Name="ZOrder">277</P>
    <P Name="Src">10#out:1</P>
    <P Name="Dst">52#in:1</P>
  </Line>
  <Line>
    <P Name="ZOrder">278</P>
    <P Name="Src">52#out:1</P>
    <P Name="Points">[24, 0]</P>
    <Branch>
      <P Name="ZOrder">280</P>
      <P Name="Points">[0, 35]</P>
      <P Name="Dst">6#in:1</P>
    </Branch>
    <Branch>
      <P Name="ZOrder">279</P>
      <P Name="Dst">39#in:1</P>
    </Branch>
  </Line>
</System>
