<?xml version="1.0" encoding="UTF-8" standalone="yes" ?>
<cp:coreProperties xmlns:cp="http://schemas.openxmlformats.org/package/2006/metadata/core-properties" xmlns:dc="http://purl.org/dc/elements/1.1/" xmlns:dcmitype="http://purl.org/dc/dcmitype/" xmlns:dcterms="http://purl.org/dc/terms/" xmlns:xsi="http://www.w3.org/2001/XMLSchema-instance">
  <cp:category>model</cp:category>
  <dcterms:created xsi:type="dcterms:W3CDTF">2024-04-29T07:28:36Z</dcterms:created>
  <dc:creator>evere</dc:creator>
  <cp:lastModifiedBy>evere</cp:lastModifiedBy>
  <dcterms:modified xsi:type="dcterms:W3CDTF">2024-05-20T19:48:13Z</dcterms:modified>
  <cp:revision>1.19</cp:revision>
  <cp:version>R2023b</cp:version>
</cp:coreProperties>
